id_municipality,id_education,id_municipality_original
28183,28057741,28183
28183,28044847,28183
28183,28057741,28183
28183,28044847,28183
28183,28060816,28131
28183,28046364,28054
28183,28046364,28054
28070,28047204,28088
28070,28047204,28088
28070,28001952,28027
28070,28001952,28027
28154,28048117,28154
28154,28057829,28154
28154,28025208,28154
28154,28048117,28154
28154,28068384,28154
28154,28025208,28154
28154,28045773,28154
28052,28072831,28052
28052,28002646,28052
28052,28072831,28052
28052,28002646,28052
28052,28040684,28052
28040,28049845,28161
28040,28048105,28147
28040,28002166,28040
28040,28002191,28040
28040,28039736,28040
28040,28060294,28040
28040,28068086,28040
28040,28002166,28040
28040,28002191,28040
28040,28039736,28040
28040,28060294,28040
28040,28002181,28040
28040,28062035,28040
28029,28048671,28029
28029,28048671,28029
28029,28067537,28029
28029,28067537,28029
28029,28073872,28169
28053,28047824,28053
28053,28002671,28053
28053,28047824,28053
28053,28067604,28053
28053,28002671,28053
28053,28067604,28053
28053,28060385,28053
28053,28067604,28053
28071,28047204,28088
28071,28047204,28088
28071,28001952,28027
28071,28001952,28027
28137,28059437,28137
28137,28059437,28137
28137,28076575,28137
28137,28076575,28137
28137,28059437,28137
28137,28059437,28137
28137,28063921,28137
28137,28063921,28137
28137,28063921,28137
28137,28063921,28137
28137,28039682,28005
28137,28000467,28005
28137,28035305,28005
28137,28000522,28005
28137,28000364,28005
28137,28060397,28172
28137,28058615,28005
28137,28057210,28083
28137,28042000,28005
28137,28060373,28005
28102,28050653,28102
28102,28056311,28102
28102,28044422,28102
28102,28050653,28102
28102,28044422,28102
28102,28023388,28100
28102,28025415,28165
28179,28048737,28179
28179,28056291,28179
28179,28048737,28179
28179,28023388,28100
28179,28023388,28100
28162,28050677,28162
28162,28062606,28162
28162,28062679,28162
28162,28025373,28162
28162,28050677,28162
28162,28062606,28162
28162,28025373,28162
28162,28040611,28009
28162,28040672,28009
28162,28002853,28059
28043,28057842,28043
28043,28002245,28043
28043,28057842,28043
28043,28002245,28043
28043,28046285,28043
28090,28047940,28090
28090,28056230,28090
28090,28022992,28090
28090,28047940,28090
28090,28060351,28090
28090,28022992,28090
28090,28060351,28090
28090,28022207,28090
28093,28047964,28093
28093,28023273,28093
28093,28047964,28093
28093,28023273,28093
28093,28035342,28038
28093,28001812,28018
28136,28073112,28012
28136,28044801,28136
28136,28044801,28136
28136,28039682,28005
28136,28000467,28005
28136,28000364,28005
28136,28058615,28005
28130,28049109,28130
28130,28056308,28130
28130,28067288,28130
28130,28024307,28130
28130,28024319,28130
28130,28028261,28130
28130,28034052,28130
28130,28038461,28130
28130,28039256,28130
28130,28043995,28130
28130,28044008,28130
28130,28046145,28130
28130,28049109,28130
28130,28063027,28130
28130,28067288,28130
28130,28024307,28130
28130,28024319,28130
28130,28028261,28130
28130,28034052,28130
28130,28038461,28130
28130,28039256,28130
28130,28046145,28130
28130,28024290,28130
28130,28037065,28130
28130,28038616,28130
28068,28048683,28068
28068,28057404,28068
28068,28003456,28068
28068,28048683,28068
28068,28064381,28068
28068,28071012,28068
28068,28003456,28068
28068,28064381,28068
28068,28040714,28068
28042,28047812,28042
28042,28047812,28042
28042,28067756,28042
28042,28067756,28042
28042,28023364,28099
28042,28067744,28051
28072,28056230,28090
28072,28058214,28047
28072,28047940,28090
28072,28003481,28072
28072,28068268,28072
28072,28003481,28072
28072,28046251,28072
28032,28047770,28032
28032,28002038,28032
28032,28047770,28032
28032,28002038,28032
28032,28002038,28032
28067,28065981,28067
28067,28003420,28067
28067,28065981,28067
28067,28003420,28067
28067,28064044,28067
28172,28048749,28172
28172,28025506,28172
28172,28048749,28172
28172,28050379,28172
28172,28057532,28172
28172,28058718,28172
28172,28025506,28172
28172,28050379,28172
28172,28058718,28172
28172,28060397,28172
28096,28043958,28096
28096,28068761,28096
28096,28023297,28096
28096,28031518,28096
28096,28035639,28096
28096,28043958,28096
28096,28049067,28096
28096,28063878,28096
28096,28066016,28096
28096,28023297,28096
28096,28031518,28096
28096,28035639,28096
28096,28063878,28096
28096,28023327,28096
28096,28041470,28096
28096,28063878,28096
28087,28047681,28038
28087,28022967,nan
28087,28049201,nan
28087,28022967,nan
28087,28040714,28068
28087,28065644,28046
28087,28035342,28038
28063,28047174,28076
28063,28048750,28182
28063,28047174,28076
28063,28048750,28182
28063,28042863,28076
28063,28042863,28076
28063,28001952,28027
28176,28068220,28026
28176,28050185,28119
28176,28025567,28176
28176,28025567,28176
28176,28049092,28176
28176,28049092,28176
28176,28057088,28176
28176,28057088,28176
28176,28079451,28176
28176,28079451,28176
28176,28025567,28176
28176,28025567,28176
28176,28057088,28176
28176,28057088,28176
28176,28079451,28176
28176,28079451,28176
28176,28046303,28176
28176,28046303,28176
28176,28057088,28176
28176,28057088,28176
28176,28079451,28176
28176,28079451,28176
28118,28047204,28088
28118,28047204,28088
28118,28044781,28901
28118,28044781,28901
28118,28001952,28027
28118,28001952,28027
28169,28048154,28169
28169,28056187,28169
28169,28048154,28169
28169,28073872,28169
28169,28073872,28169
28169,28073872,28169
28025,28060661,28025
28025,28060661,28025
28025,28002737,28055
28025,28025658,28180
28025,28045049,28180
28025,28023388,28100
28025,28025415,28165
28030,28050631,28021
28030,28050631,28021
28030,28058895,28158
28030,28048671,28029
28030,28048725,28121
28030,28002014,28030
28030,28002014,28030
28030,28047071,28030
28030,28047071,28030
28030,28002014,28030
28030,28002014,28030
28030,28041381,28030
28030,28041381,28030
28104,28047824,28053
28104,28047757,28009
28104,28023443,28104
28104,28046194,28104
28104,28065383,28104
28104,28072326,28104
28104,28073963,28104
28104,28077208,28104
28104,28023443,28104
28104,28073963,28104
28104,28077208,28104
28104,28057222,28104
28104,28077890,28104
28026,28068220,28026
28026,28001940,28026
28026,28058925,28026
28026,28060269,28026
28026,28068220,28026
28026,28001940,28026
28026,28060269,28026
28026,28050537,28026
28902,28056175,28027
28902,28056217,28901
28902,28056217,28901
28902,28047058,28027
28902,28047186,28901
28902,28047186,28901
28902,28047058,28027
28902,28047186,28901
28902,28047186,28901
28902,28044781,28901
28902,28044781,28901
28902,28001952,28027
28902,28044781,28901
28902,28044781,28901
28902,28001952,28027
28902,28001952,28027
28083,28047927,28083
28083,28022876,28083
28083,28047927,28083
28083,28049493,28083
28083,28022876,28083
28083,28049493,28083
28083,28057210,28083
28181,28057398,28092
28181,28058226,28092
28181,28056813,28092
28181,28025661,28181
28181,28040039,28181
28181,28063911,28181
28181,28065346,28181
28181,28072405,28181
28181,28025661,28181
28181,28040039,28181
28181,28063911,28181
28181,28041512,28181
28181,28049341,28181
28182,28048750,28182
28182,28048750,28182
28182,28001952,28027
28182,28001952,28027
28062,28056217,28901
28062,28056217,28901
28062,28058895,28158
28062,28047186,28901
28062,28047186,28901
28062,28058895,28158
28062,28047186,28901
28062,28047186,28901
28062,28044781,28901
28062,28044781,28901
28062,28044781,28901
28062,28044781,28901
28062,28041381,28030
28062,28041381,28030
28062,28001952,28027
28091,28047952,28091
28091,28049833,28091
28091,28023005,28091
28091,28047952,28091
28091,28049833,28091
28091,28023005,28091
28091,28046297,28091
28157,28064743,28157
28157,28064743,28157
28157,28002245,28043
28157,28001824,28019
28157,28002646,28052
28157,28040684,28052
28157,28046285,28043
28164,28048129,28164
28164,28025403,28164
28164,28048129,28164
28164,28025403,28164
28164,28025403,28164
28055,28047113,28055
28055,28002737,28055
28055,28047113,28055
28055,28002737,28055
28055,28025658,28180
28055,28045049,28180
28171,28072399,28171
28171,28025491,28171
28171,28072399,28171
28171,28025491,28171
28171,28046273,28171
28178,28057556,28178
28178,28057556,28178
28178,28065553,28178
28178,28065553,28178
28178,28067768,28175
28166,28071036,28048
28166,28048749,28172
28166,28071036,28048
28166,28048749,28172
28166,28025506,28172
28166,28025506,28172
28166,28060397,28172
28166,28045773,28154
28165,28048130,28165
28165,28025415,28165
28165,28048130,28165
28165,28025415,28165
28165,28025415,28165
28159,28067264,28159
28159,28067264,28159
28159,28024071,28125
28159,28059279,28125
28016,28066272,28039
28016,28066272,28039
28016,28044781,28901
28016,28044781,28901
28016,28025129,28151
28016,28041381,28030
28016,28041381,28030
28016,28001952,28027
28075,28048701,28075
28075,28003961,28075
28075,28048701,28075
28075,28065565,28075
28075,28070111,28075
28075,28073938,28075
28075,28003961,28075
28075,28065565,28075
28075,28073938,28075
28075,28076381,28075
28018,28057738,28018
28018,28001812,28018
28018,28057738,28018
28018,28001812,28018
28018,28001812,28018
28124,28066272,28039
28124,28066272,28039
28124,28044781,28901
28124,28044781,28901
28124,28041381,28030
28124,28041381,28030
28124,28001952,28027
28174,28058901,28174
28174,28025521,28174
28174,28058901,28174
28174,28025521,28174
28174,28067768,28175
28108,28067719,28108
28108,28048014,28108
28108,28058548,28108
28108,28064081,28108
28108,28067719,28108
28108,28058548,28108
28108,28064081,28108
28108,28071310,28086
28108,28071310,28086
28082,28056151,28045
28082,28056230,28090
28082,28057738,28018
28082,28047873,28045
28082,28047940,28090
28082,28047964,28093
28082,28022864,28082
28082,28057714,28082
28082,28022864,28082
28082,28057751,28144
28163,28064755,28163
28163,28064755,28163
28163,28063830,28145
28163,28063830,28145
28158,28058895,28158
28158,28058895,28158
28158,28001991,28028
28158,28041381,28030
28158,28041381,28030
28004,28058809,28004
28004,28058809,28004
28004,28000042,28004
28004,28000042,28004
28004,28058809,28004
28004,28058809,28004
28004,28000042,28004
28004,28000042,28004
28004,28058676,28004
28004,28058676,28004
28008,28047034,28008
28008,28001241,28008
28008,28047034,28008
28008,28001241,28008
28008,28067744,28051
28064,28056175,28027
28064,28047058,28027
28064,28048750,28182
28064,28047058,28027
28064,28048750,28182
28064,28001952,28027
28064,28001952,28027
28064,28001952,28027
28131,28057741,28183
28131,28024356,28131
28131,28034064,28131
28131,28044011,28131
28131,28044021,28131
28131,28024356,28131
28131,28034064,28131
28131,28028684,28131
28131,28060816,28131
28180,28047319,28180
28180,28056242,28180
28180,28057830,28180
28180,28025634,28180
28180,28047319,28180
28180,28057830,28180
28180,28025634,28180
28180,28025658,28180
28180,28045049,28180
28078,28047204,28088
28078,28047204,28088
28078,28001952,28027
28078,28001952,28027
28054,28058214,28047
28054,28002713,28054
28054,28002713,28054
28054,28047541,28054
28054,28047541,28054
28054,28002695,28054
28054,28002695,28054
28054,28046364,28054
28054,28046364,28054
28031,28047083,28031
28031,28002026,28031
28031,28047083,28031
28031,28002026,28031
28031,28002026,28031
28021,28050631,28021
28021,28050631,28021
28021,28050631,28021
28021,28050631,28021
28021,28044781,28901
28021,28044781,28901
28021,28002014,28030
28021,28002014,28030
28021,28041381,28030
28021,28041381,28030
28033,28047782,28033
28033,28068797,28033
28033,28002041,28033
28033,28047782,28033
28033,28002041,28033
28033,28065841,28033
28015,28056321,28015
28015,28061717,28015
28015,28001794,28015
28015,28060245,28015
28015,28061717,28015
28015,28063829,28015
28015,28067550,28015
28015,28068219,28015
28015,28077336,28015
28015,28001794,28015
28015,28060245,28015
28015,28063829,28015
28015,28067550,28015
28015,28077336,28015
28015,28050525,28015
28015,28074049,28015
28015,28080050,28015
28066,28047265,28140
28066,28070317,28050
28066,28003407,28066
28066,28072284,28066
28066,28003407,28066
28066,28046315,28066
28027,28047058,28027
28027,28056175,28027
28027,28001952,28027
28027,28047058,28027
28027,28001952,28027
28027,28001952,28027
28170,28048166,28170
28170,28025476,28170
28170,28048166,28170
28170,28025476,28170
28170,28040684,28052
28170,28046285,28043
28160,28048181,28160
28160,28056229,28160
28160,28025294,28160
28160,28048181,28160
28160,28070123,28160
28160,28025294,28160
28160,28045839,28160
28122,28062667,28122
28122,28062667,28122
28122,28065504,28122
28122,28065504,28122
28122,28040611,28009
28122,28040672,28009
28122,28025403,28164
28122,28002853,28059
28024,28056175,28027
28024,28047058,28027
28024,28048750,28182
28024,28047058,28027
28024,28048750,28182
28024,28001952,28027
28024,28001952,28027
28024,28001952,28027
28151,28056205,28153
28151,28048002,28107
28151,28048725,28121
28151,28047289,28153
28151,28025130,28151
28151,28047277,28151
28151,28025130,28151
28151,28025129,28151
28002,28047824,28053
28002,28000029,28002
28002,28071152,28002
28002,28000029,28002
28002,28000029,28002
28009,28047757,28009
28009,28001277,28009
28009,28037171,28009
28009,28038112,28009
28009,28039669,28009
28009,28042802,28009
28009,28043041,28009
28009,28047757,28009
28009,28049134,28009
28009,28064071,28009
28009,28068773,28009
28009,28001277,28009
28009,28037171,28009
28009,28038112,28009
28009,28039669,28009
28009,28042802,28009
28009,28043041,28009
28009,28064071,28009
28009,28039669,28009
28009,28040611,28009
28009,28040672,28009
28111,28067276,28111
28111,28067276,28111
28111,28044801,28136
28111,28025506,28172
28111,28023388,28100
28111,28023388,28100
28099,28047988,28099
28099,28058858,28099
28099,28023364,28099
28099,28047988,28099
28099,28023364,28099
28099,28023364,28099
28129,28047836,28059
28129,28067719,28108
28129,28048129,28164
28129,28024253,28129
28129,28058196,28129
28129,28064068,28129
28129,28024253,28129
28129,28064068,28129
28129,28046339,28129
28038,28047681,28038
28038,28002129,28038
28038,28047681,28038
28038,28002129,28038
28038,28035342,28038
28050,28070317,28050
28050,28002609,28050
28050,28070317,28050
28050,28073884,28050
28050,28002609,28050
28050,28073884,28050
28050,28075509,28050
28132,28048041,28132
28132,28056254,28132
28132,28024460,28132
28132,28024484,28132
28132,28035688,28132
28132,28045475,28132
28132,28046081,28132
28132,28048041,28132
28132,28050434,28132
28132,28024460,28132
28132,28024484,28132
28132,28035688,28132
28132,28045475,28132
28132,28050434,28132
28132,28044768,28132
28119,28050185,28119
28119,28050185,28119
28119,28062345,28119
28119,28062345,28119
28119,28050537,28026
28119,28046303,28176
28119,28046303,28176
28119,28057088,28176
28119,28057088,28176
28035,28047769,28035
28035,28047769,28035
28035,28063933,28035
28035,28063933,28035
28035,28025415,28165
28088,28047204,28088
28088,28047204,28088
28088,28001952,28027
28088,28001952,28027
28044,28056229,28160
28044,28058214,28047
28044,28048181,28160
28044,28002269,28044
28044,28057064,28044
28044,28059589,28044
28044,28002269,28044
28044,28057064,28044
28044,28046558,28044
28114,28056175,28027
28114,28047058,28027
28114,28047204,28088
28114,28047058,28027
28114,28047204,28088
28114,28001952,28027
28114,28001952,28027
28114,28001952,28027
28117,28047204,28088
28117,28047204,28088
28117,28001952,28027
28117,28001952,28027
28116,28048038,28116
28116,28048038,28116
28116,28002041,28033
28116,28025208,28154
28116,28065841,28033
28116,28045773,28154
28156,28047848,28057
28156,28062667,28122
28156,28025233,28156
28156,28025233,28156
28156,28057210,28083
28156,28002038,28032
28034,28047061,28028
28034,28047174,28076
28034,28047061,28028
28034,28047174,28076
28034,28042863,28076
28034,28001991,28028
28034,28042863,28076
28034,28001991,28028
28034,28041381,28030
28034,28041381,28030
28034,28001952,28027
28034,28022891,28085
28076,28047174,28076
28076,28042863,28076
28076,28047174,28076
28076,28042863,28076
28076,28001952,28027
28076,28022891,28085
28059,28047836,28059
28059,28002853,28059
28059,28047836,28059
28059,28002853,28059
28059,28002853,28059
28144,28065981,28067
28144,28024800,28144
28144,28049110,28144
28144,28058551,28144
28144,28024800,28144
28144,28058551,28144
28144,28057751,28144
28145,28048087,28145
28145,28057374,28145
28145,28048087,28145
28145,28063830,28145
28145,28063830,28145
28145,28063830,28145
28010,28056230,28090
28010,28057404,28068
28010,28047800,28046
28010,28058214,28047
28010,28048683,28068
28010,28047940,28090
28010,28001289,28010
28010,28031786,28010
28010,28056138,28010
28010,28064275,28010
28010,28064411,28010
28010,28001289,28010
28010,28031786,28010
28010,28056138,28010
28010,28064411,28010
28010,28046111,28010
28147,28048105,28147
28147,28024848,28147
28147,28048105,28147
28147,28024848,28147
28147,28062035,28040
28147,28002181,28040
28167,28056266,28014
28167,28047046,28014
28167,28050665,28123
28167,28048701,28075
28167,28025440,28167
28167,28048142,28167
28167,28063957,28167
28167,28025440,28167
28167,28063957,28167
28167,28057209,28167
28085,28065981,28067
28085,28022891,28085
28085,28047198,28085
28085,28022891,28085
28085,28022891,28085
28019,28057830,28180
28019,28057842,28043
28019,28064743,28157
28019,28001824,28019
28019,28070299,28019
28019,28001824,28019
28019,28025658,28180
28019,28045049,28180
28019,28046285,28043
28057,28047848,28057
28057,28047848,28057
28057,28049626,28057
28057,28049626,28057
28057,28040611,28009
28057,28040672,28009
28057,28002038,28032
28057,28002853,28059
28046,28047800,28046
28046,28002361,28046
28046,28047800,28046
28046,28002361,28046
28046,28065644,28046
28112,28047174,28076
28112,28047241,28120
28112,28047174,28076
28112,28047241,28120
28112,28042863,28076
28112,28024034,28120
28112,28042863,28076
28112,28024034,28120
28112,28022891,28085
28051,28047101,28051
28051,28056345,28051
28051,28047101,28051
28051,28067744,28051
28051,28067744,28051
28051,28067744,28051
28023,28056230,28090
28023,28057738,28018
28023,28047940,28090
28023,28001873,28023
28023,28001873,28023
28023,28078614,28023
28023,28078614,28023
28023,28078626,28023
28023,28078626,28023
28023,28001873,28023
28023,28001873,28023
28023,28078614,28023
28023,28078614,28023
28023,28078626,28023
28023,28078626,28023
28023,28022207,28090
28023,28001812,28018
28138,28056175,28027
28138,28047058,28027
28138,28048750,28182
28138,28047058,28027
28138,28048750,28182
28138,28001952,28027
28138,28001952,28027
28138,28001952,28027
28101,28067690,28101
28101,28067690,28101
28101,28023388,28100
28101,28023388,28100
28177,28056229,28160
28177,28068220,28026
28177,28048181,28160
28177,28025580,28177
28177,28058597,28177
28177,28063994,28177
28177,28064101,28177
28177,28025580,28177
28177,28058597,28177
28177,28063994,28177
28177,28050562,28177
28173,28047307,28173
28173,28047307,28173
28173,28002865,28060
28173,28025658,28180
28173,28045049,28180
28126,28047204,28088
28126,28047204,28088
28126,28001952,28027
28126,28001952,28027
28100,28047228,28100
28100,28023388,28100
28100,28047228,28100
28100,28023388,28100
28100,28023388,28100
28149,28060671,28150
28149,28025075,28149
28149,28068372,28149
28149,28073896,28149
28149,28025075,28149
28149,28073896,28149
28149,28058688,28149
28001,28047204,28088
28001,28048750,28182
28001,28047204,28088
28001,28048750,28182
28001,28001952,28027
28001,28001952,28027
28003,28047174,28076
28003,28047241,28120
28003,28047174,28076
28003,28047241,28120
28003,28042863,28076
28003,28024034,28120
28003,28042863,28076
28003,28024034,28120
28003,28022891,28085
28011,28073136,28011
28011,28073136,28011
28011,28044422,28102
28011,28023388,28100
28011,28023388,28100
28094,28048713,28094
28094,28048713,28094
28094,28003420,28067
28094,28067537,28029
28094,28001991,28028
28094,28073872,28169
28094,28064044,28067
28094,28073872,28169
28056,28050689,28056
28056,28050689,28056
28056,28060361,28056
28056,28060361,28056
28056,28059279,28125
28028,28047061,28028
28028,28001991,28028
28028,28047061,28028
28028,28001991,28028
28028,28041381,28030
28028,28041381,28030
28028,28064044,28067
28028,28073872,28169
28028,28022891,28085
28017,28047265,28140
28017,28061717,28015
28017,28058809,28004
28017,28058809,28004
28017,28071206,28017
28017,28071206,28017
28017,28050525,28015
28155,28047290,28155
28155,28044823,28155
28155,28047290,28155
28155,28044823,28155
28155,28025658,28180
28155,28045049,28180
28036,28047095,28036
28036,28059450,28036
28036,28002099,28036
28036,28047095,28036
28036,28059450,28036
28036,28066314,28036
28036,28002099,28036
28036,28058688,28149
28036,28075509,28050
28060,28047125,28060
28060,28002865,28060
28060,28047125,28060
28060,28002865,28060
28060,28025658,28180
28060,28045049,28180
28168,28058913,28168
28168,28058913,28168
28168,28058913,28168
28168,28058913,28168
28168,28077841,28168
28168,28077841,28168
28168,28077841,28168
28168,28077841,28168
28168,28071310,28086
28168,28071310,28086
28146,28048099,28146
28146,28062680,28146
28146,28024836,28146
28146,28048099,28146
28146,28024836,28146
28146,28025415,28165
28175,28057544,28175
28175,28058861,28175
28175,28057544,28175
28175,28067768,28175
28175,28067768,28175
28175,28067768,28175
28069,28047204,28088
28069,28047204,28088
28069,28001952,28027
28069,28001952,28027
28110,28047231,28110
28110,28023637,28110
28110,28047231,28110
28110,28023637,28110
28110,28001769,28014
28110,28039724,28014
28110,28025658,28180
28110,28046297,28091
28110,28045049,28180
28110,28025415,28165
28120,28047241,28120
28120,28024034,28120
28120,28047241,28120
28120,28024034,28120
28120,28022891,28085
28125,28047253,28125
28125,28058871,28125
28125,28024071,28125
28125,28047253,28125
28125,28024071,28125
28125,28059279,28125
28140,28047265,28140
28140,28047265,28140
28140,28058573,28140
28140,28058573,28140
28140,28046315,28066
28140,28075509,28050
28107,28048002,28107
28107,28044771,28107
28107,28048002,28107
28107,28044771,28107
28107,28025129,28151
28128,28071671,28128
28128,28050409,28128
28128,28071671,28128
28128,28050409,28128
28128,28002026,28031
28128,28002105,28037
28150,28060671,28150
28150,28025087,28150
28150,28060671,28150
28150,28025087,28150
28150,28058688,28149
28153,28047289,28153
28153,28056205,28153
28153,28047289,28153
28153,28025130,28151
28153,28025129,28151
28097,28056175,28027
28097,28047058,28027
28097,28048750,28182
28097,28047058,28027
28097,28048750,28182
28097,28001952,28027
28097,28001952,28027
28097,28001952,28027
28133,28048063,28133
28133,28056357,28133
28133,28024502,28133
28133,28048063,28133
28133,28065334,28133
28133,28067598,28133
28133,28024502,28133
28133,28067598,28133
28133,28045645,28133
28089,28056321,28015
28089,28022980,28089
28089,28022980,28089
28089,28065632,28089
28152,28058214,28047
28152,28025178,28152
28152,28025181,28152
28152,28043818,28152
28152,28057076,28152
28152,28059462,28152
28152,28025178,28152
28152,28025181,28152
28152,28057076,28152
28152,28037089,28152
28152,28057076,28152
28048,28071036,28048
28048,28071036,28048
28048,28025506,28172
28048,28039682,28005
28048,28000467,28005
28048,28000364,28005
28048,28060397,28172
28048,28045773,28154
28048,28023388,28100
28086,28067719,28108
28086,28022943,28086
28086,28022943,28086
28086,28057726,28086
28086,28057726,28086
28086,28064056,28086
28086,28064056,28086
28086,28022943,28086
28086,28022943,28086
28086,28064056,28086
28086,28064056,28086
28086,28071310,28086
28086,28071310,28086
28084,28056308,28130
28084,28048701,28075
28084,28049109,28130
28084,28067288,28130
28084,28022888,28084
28084,28029691,28084
28084,28033886,28084
28084,28038392,28084
28084,28039955,28084
28084,28043892,28084
28084,28048658,28084
28084,28022888,28084
28084,28029691,28084
28084,28033886,28084
28084,28038392,28084
28084,28039955,28084
28084,28041445,28084
28084,28045025,28084
28121,28048725,28121
28121,28048725,28121
28121,28067537,28029
28121,28073872,28169
28121,28073872,28169
28012,28073112,28012
28012,28073112,28012
28012,28080980,28012
28012,28080980,28012
28012,28039682,28005
28012,28000467,28005
28012,28035305,28005
28012,28000522,28005
28012,28028301,28005
28012,28046091,28005
28012,28039670,28005
28012,28000364,28005
28012,28044744,28005
28012,28060397,28172
28012,28058615,28005
28012,28042000,28005
28012,28060373,28005
28012,28030903,28005
28141,28048075,28141
28141,28024794,28141
28141,28048075,28141
28141,28057040,28141
28141,28070342,28141
28141,28024794,28141
28141,28057040,28141
28141,28050550,28141
28135,28067264,28159
28135,28067264,28159
28135,28044847,28183
28135,28024071,28125
28135,28059279,28125
28020,28066272,28039
28020,28066272,28039
28020,28044781,28901
28020,28044781,28901
28020,28001952,28027
28020,28001952,28027
28073,28056321,28015
28073,28003493,28073
28073,28035482,28073
28073,28039104,28073
28073,28048646,28073
28073,28062114,28073
28073,28064299,28073
28073,28003493,28073
28073,28035482,28073
28073,28039104,28073
28073,28062114,28073
28073,28045803,28073
28073,28069391,28073
28901,28047186,28901
28901,28047186,28901
28901,28056217,28901
28901,28056217,28901
28901,28044781,28901
28901,28044781,28901
28901,28047186,28901
28901,28047186,28901
28901,28044781,28901
28901,28044781,28901
28901,28041381,28030
28901,28041381,28030
28061,28058214,28047
28061,28002877,28061
28061,28002890,28061
28061,28037995,28061
28061,28045165,28061
28061,28047605,28061
28061,28072338,28061
28061,28002877,28061
28061,28002890,28061
28061,28037995,28061
28061,28045165,28061
28061,28042620,28061
28061,28046352,28061
28037,28047794,28037
28037,28002105,28037
28037,28047794,28037
28037,28002105,28037
28037,28002105,28037
28109,28048026,28109
28109,28048026,28109
28109,28063817,28109
28109,28063817,28109
28109,28045645,28133
28041,28047824,28053
28041,28047757,28009
28041,28002211,28041
28041,28058147,28041
28041,28002211,28041
28041,28002211,28041
28143,28047204,28088
28143,28047204,28088
28143,28001952,28027
28143,28001952,28027
28039,28066272,28039
28039,28066272,28039
28039,28044781,28901
28039,28044781,28901
28039,28002014,28030
28039,28002014,28030
28039,28041381,28030
28039,28041381,28030
28095,28047216,28095
28095,28047216,28095
28095,28062333,28095
28095,28062333,28095
28095,28045839,28160
28005,28000054,28005
28005,28000066,28005
28005,28000078,28005
28005,28000081,28005
28005,28037892,28005
28005,28000315,28005
28005,28000376,28005
28005,28000388,28005
28005,28000558,28005
28006,28000595,28006
28006,28000601,28006
28006,28000753,28006
28006,28000765,28006
28007,28000856,28007
28007,28001137,28007
28007,28001149,28007
28013,28001371,28013
28013,28001551,28013
28013,28001617,28013
28013,28001629,28013
28013,28001642,28013
28903,28001678,28903
28014,28001681,28014
28014,28001770,28014
28022,28001848,28022
28023,28082307,28023
28045,28002270,28045
28045,28002282,28045
28045,28002312,28045
28047,28002385,28047
28047,28002403,28047
28047,28002415,28047
28049,28002464,28049
28049,28002543,28049
28049,28002580,28049
28058,28002804,28058
28065,28002944,28065
28065,28002956,28065
28065,28002968,28065
28065,28002981,28065
28065,28003201,28065
28065,28003286,28065
28065,28003304,28065
28065,28003316,28065
28065,28003328,28065
28074,28003501,28074
28074,28003523,28074
28074,28003535,28074
28074,28003778,28074
28074,28003791,28074
28074,28003833,28074
28074,28003845,28074
28074,28003857,28074
28074,28003882,28074
28074,28003894,28074
28074,28003900,28074
28079,28004059,28079
28079,28004266,28079
28079,28004436,28079
28079,28004552,28079
28079,28004904,28079
28079,28004941,28079
28079,28004965,28079
28079,28004989,28079
28079,28004990,28079
28079,28005003,28079
28079,28005039,28079
28079,28005076,28079
28079,28005091,28079
28079,28005106,28079
28079,28005155,28079
28079,28005167,28079
28079,28005179,28079
28079,28005210,28079
28079,28005234,28079
28079,28005246,28079
28079,28005258,28079
28079,28005261,28079
28079,28005271,28079
28079,28005349,28079
28079,28005350,28079
28079,28005374,28079
28079,28005386,28079
28079,28005404,28079
28079,28005428,28079
28079,28005431,28079
28079,28005441,28079
28079,28005465,28079
28079,28005477,28079
28079,28005489,28079
28079,28005490,28079
28079,28005519,28079
28079,28005556,28079
28079,28005568,28079
28079,28005571,28079
28079,28005601,28079
28079,28005623,28079
28079,28005635,28079
28079,28005660,28079
28079,28005684,28079
28079,28005696,28079
28079,28005714,28079
28079,28005726,28079
28079,28005741,28079
28079,28005763,28079
28079,28005817,28079
28079,28005830,28079
28079,28005854,28079
28079,28005866,28079
28079,28005878,28079
28079,28005881,28079
28079,28005891,28079
28079,28005908,28079
28079,28005911,28079
28079,28005933,28079
28079,28005945,28079
28079,28005994,28079
28079,28006007,28079
28079,28006020,28079
28079,28006044,28079
28079,28006056,28079
28079,28006068,28079
28079,28006071,28079
28079,28006101,28079
28079,28006111,28079
28079,28006123,28079
28079,28006135,28079
28079,28006159,28079
28079,28006160,28079
28079,28006172,28079
28079,28006184,28079
28079,28006196,28079
28079,28006202,28079
28079,28006214,28079
28079,28006238,28079
28079,28006251,28079
28079,28006263,28079
28079,28006275,28079
28079,28006305,28079
28079,28006317,28079
28079,28006329,28079
28079,28006354,28079
28079,28006366,28079
28079,28006381,28079
28079,28006391,28079
28079,28006408,28079
28079,28006411,28079
28079,28006469,28079
28079,28010357,28079
28079,28010394,28079
28079,28010412,28079
28079,28010424,28079
28079,28010461,28079
28079,28010473,28079
28079,28010497,28079
28079,28010503,28079
28079,28010527,28079
28079,28010539,28079
28079,28010552,28079
28079,28010576,28079
28079,28010591,28079
28079,28010606,28079
28079,28010618,28079
28079,28010643,28079
28079,28010655,28079
28079,28010679,28079
28079,28010680,28079
28079,28010710,28079
28079,28010722,28079
28079,28010746,28079
28079,28010761,28079
28079,28010771,28079
28079,28010783,28079
28079,28010795,28079
28079,28010801,28079
28079,28010813,28079
28079,28010849,28079
28079,28010850,28079
28079,28010862,28079
28079,28010874,28079
28079,28010886,28079
28079,28010898,28079
28079,28010916,28079
28079,28010928,28079
28079,28010931,28079
28079,28010941,28079
28079,28010953,28079
28079,28010965,28079
28079,28010977,28079
28079,28010989,28079
28079,28010990,28079
28079,28011015,28079
28079,28011040,28079
28079,28011684,28079
28079,28013309,28079
28079,28013899,28079
28079,28014272,28079
28079,28015756,28079
28079,28018344,28079
28079,28018356,28079
28079,28018368,28079
28079,28018381,28079
28079,28018393,28079
28079,28018401,28079
28079,28018423,28079
28079,28018435,28079
28079,28018459,28079
28079,28018460,28079
28079,28018472,28079
28079,28018484,28079
28079,28018496,28079
28079,28018502,28079
28079,28018708,28079
28079,28018903,28079
28079,28019312,28079
28079,28019351,28079
28079,28019397,28079
28079,28019439,28079
28079,28019464,28079
28079,28019567,28079
28079,28019658,28079
28079,28019889,28079
28079,28019971,28079
28079,28020119,28079
28079,28020201,28079
28079,28020341,28079
28079,28020533,28079
28079,28020545,28079
28079,28020557,28079
28079,28020570,28079
28079,28020582,28079
28079,28020624,28079
28079,28020648,28079
28079,28020661,28079
28079,28020673,28079
28079,28020703,28079
28079,28020715,28079
28079,28020727,28079
28079,28020739,28079
28079,28020740,28079
28079,28020806,28079
28079,28020831,28079
28079,28020855,28079
28079,28020867,28079
28079,28020892,28079
28079,28020909,28079
28079,28020910,28079
28079,28020934,28079
28079,28020946,28079
28079,28020958,28079
28079,28020961,28079
28079,28021008,28079
28079,28021045,28079
28079,28021057,28079
28079,28021124,28079
28079,28021148,28079
28079,28021151,28079
28079,28021161,28079
28079,28021173,28079
28079,28021215,28079
28079,28021252,28079
28079,28021291,28079
28079,28021306,28079
28079,28021318,28079
28079,28021321,28079
28079,28021355,28079
28079,28021367,28079
28079,28021409,28079
28079,28021422,28079
28079,28021434,28079
28079,28021446,28079
28079,28021461,28079
28079,28021549,28079
28079,28021550,28079
28079,28021562,28079
28079,28022724,28079
28080,28022797,28080
28092,28023017,28092
28092,28023029,28092
28092,28023108,28092
28092,28023111,28092
28092,28023145,28092
28092,28023157,28092
28092,28023194,28092
28106,28023480,28106
28106,28023534,28106
28106,28023546,28106
28113,28023662,28113
28113,28023674,28113
28115,28023741,28115
28115,28023807,28115
28115,28023881,28115
28115,28023911,28115
28115,28023923,28115
28123,28024061,28123
28127,28024125,28127
28134,28024551,28134
28134,28024617,28134
28134,28024629,28134
28134,28024642,28134
28148,28024861,28148
28148,28024873,28148
28148,28024964,28148
28148,28024976,28148
28148,28025014,28148
28148,28025026,28148
28161,28025312,28161
28161,28025351,28161
28079,28025981,28079
28007,28025804,28007
28045,28025816,28045
28079,28025828,28079
28065,28025841,28065
28007,28025944,28007
28079,28025956,28079
28079,28025968,28079
28079,28025971,28079
28079,28026006,28079
28113,28026031,28113
28134,28026043,28134
28079,28026067,28079
28007,28026092,28007
28045,28026195,28045
28007,28026501,28007
28058,28026523,28058
28079,28026535,28079
28079,28026547,28079
28148,28026596,28148
28148,28026602,28148
28006,28026638,28006
28134,28028076,28134
28007,28028131,28007
28047,28028155,28047
28074,28028209,28074
28074,28028210,28074
28074,28028222,28074
28148,28028271,28148
28007,28028325,28007
28049,28028337,28049
28049,28028350,28049
28058,28028362,28058
28058,28028374,28058
28065,28028386,28065
28074,28028404,28074
28079,28028416,28079
28079,28028428,28079
28079,28028431,28079
28079,28028453,28079
28079,28028465,28079
28079,28028477,28079
28106,28028519,28106
28092,28028532,28092
28092,28028556,28092
28092,28028568,28092
28127,28028571,28127
28134,28028611,28134
28079,28028672,28079
28005,28028738,28005
28005,28028741,28005
28005,28028751,28005
28005,28028763,28005
28006,28028775,28006
28007,28028799,28007
28007,28028805,28007
28074,28028830,28074
28074,28028842,28074
28079,28028854,28079
28092,28028891,28092
28148,28028945,28148
28079,28029111,28079
28079,28029123,28079
28127,28029160,28127
28079,28029238,28079
28079,28043685,28079
28079,28029241,28079
28092,28029512,28092
28013,28029597,28013
28013,28029603,28013
28058,28029615,28058
28058,28029652,28058
28079,28029664,28079
28049,28029901,28049
28049,28029913,28049
28113,28029937,28113
28065,28030101,28065
28079,28030113,28079
28079,28030125,28079
28079,28030137,28079
28079,28030149,28079
28079,28030150,28079
28079,28030162,28079
28079,28030174,28079
28079,28030186,28079
28079,28030198,28079
28092,28030204,28092
28106,28030216,28106
28148,28030228,28148
28007,28030241,28007
28005,28030344,28005
28005,28030368,28005
28047,28030371,28047
28074,28030381,28074
28074,28030393,28074
28079,28030401,28079
28079,28030411,28079
28134,28030435,28134
28005,28030447,28005
28079,28030472,28079
28079,28030575,28079
28006,28030824,28006
28007,28030836,28007
28014,28030848,28014
28007,28030915,28007
28079,28030927,28079
28079,28030939,28079
28079,28030952,28079
28079,28030964,28079
28079,28030976,28079
28079,28030991,28079
28079,28031002,28079
28079,28031014,28079
28014,28031026,28014
28074,28031038,28074
28074,28031041,28074
28079,28031051,28079
28079,28031063,28079
28079,28031075,28079
28079,28031087,28079
28079,28031099,28079
28092,28031130,28092
28115,28031142,28115
28134,28031166,28134
28045,28031211,28045
28058,28031233,28058
28079,28031348,28079
28079,28031351,28079
28092,28031415,28092
28005,28031440,28005
28074,28031464,28074
28079,28031488,28079
28080,28031506,28080
28134,28031521,28134
28148,28031531,28148
28079,28031555,28079
28079,28031804,28079
28014,28031971,28014
28005,28032331,28005
28005,28032341,28005
28006,28032353,28006
28007,28032389,28007
28014,28032390,28014
28058,28032420,28058
28065,28032456,28065
28065,28032468,28065
28074,28032471,28074
28079,28032481,28079
28080,28032501,28080
28080,28032511,28080
28106,28032535,28106
28106,28032547,28106
28106,28032559,28106
28161,28032584,28161
28079,28032791,28079
28079,28033311,28079
28079,28033321,28079
28079,28033333,28079
28005,28033515,28005
28079,28033539,28079
28092,28033552,28092
28106,28033564,28106
28005,28033621,28005
28006,28033643,28006
28006,28033655,28006
28007,28033679,28007
28903,28033680,28903
28049,28033692,28049
28074,28033722,28074
28049,28033734,28049
28058,28033761,28058
28065,28033771,28065
28065,28033783,28065
28074,28033801,28074
28074,28033813,28074
28074,28033825,28074
28045,28033837,28045
28058,28033850,28058
28148,28033898,28148
28079,28033928,28079
28079,28033931,28079
28079,28033941,28079
28080,28033953,28080
28092,28033977,28092
28092,28033990,28092
28106,28034027,28106
28127,28034040,28127
28148,28034076,28148
28047,28034091,28047
28007,28034167,28007
28013,28034179,28013
28074,28034180,28074
28079,28034301,28079
28080,28034325,28080
28079,28034404,28079
28079,28034416,28079
28079,28034428,28079
28079,28034431,28079
28079,28034441,28079
28903,28035317,28903
28079,28035330,28079
28006,28035366,28006
28007,28035378,28007
28007,28035381,28007
28903,28035391,28903
28049,28035408,28049
28049,28035411,28049
28058,28035421,28058
28058,28035433,28058
28065,28035470,28065
28074,28035494,28074
28079,28035512,28079
28079,28035524,28079
28079,28035536,28079
28079,28035548,28079
28080,28035551,28080
28092,28035573,28092
28092,28035585,28092
28092,28035597,28092
28092,28035603,28092
28092,28035615,28092
28106,28035640,28106
28123,28035676,28123
28134,28035691,28134
28148,28035895,28148
28058,28036140,28058
28148,28036191,28148
28007,28036309,28007
28092,28036310,28092
28130,28036656,28130
28006,28036760,28006
28007,28036772,28007
28148,28036826,28148
28058,28036930,28058
28079,28036942,28079
28007,28036978,28007
28014,28036981,28014
28045,28036991,28045
28074,28037004,28074
28079,28037016,28079
28079,28037028,28079
28079,28037031,28079
28079,28037041,28079
28079,28037053,28079
28148,28037077,28148
28005,28037168,28005
28065,28037193,28065
28079,28037201,28079
28079,28037375,28079
28079,28037387,28079
28005,28037491,28005
28006,28037508,28006
28007,28037521,28007
28007,28037533,28007
28058,28037545,28058
28049,28037557,28049
28058,28037569,28058
28058,28037582,28058
28065,28037594,28065
28074,28037624,28074
28074,28037636,28074
28079,28037648,28079
28092,28037661,28092
28092,28037673,28092
28106,28037685,28106
28106,28037697,28106
28106,28037715,28106
28134,28037740,28134
28148,28037752,28148
28148,28037764,28148
28092,28037788,28092
28049,28037818,28049
28079,28037821,28079
28079,28037855,28079
28079,28037934,28079
28123,28037946,28123
28161,28037958,28161
28005,28038057,28005
28006,28038069,28006
28006,28038070,28006
28007,28038082,28007
28007,28038100,28007
28014,28038124,28014
28903,28038136,28903
28049,28038151,28049
28058,28038185,28058
28134,28038471,28134
28065,28038197,28065
28065,28038203,28065
28074,28038252,28074
28074,28038276,28074
28074,28038288,28074
28074,28038291,28074
28074,28038306,28074
28079,28038318,28079
28079,28038321,28079
28079,28038331,28079
28079,28038343,28079
28079,28038355,28079
28079,28038367,28079
28079,28038379,28079
28080,28038380,28080
28092,28038422,28092
28106,28038446,28106
28127,28038458,28127
28049,28038631,28049
28045,28038641,28045
28113,28038665,28113
28079,28038689,28079
28079,28038801,28079
28079,28038823,28079
28005,28080517,28005
28006,28038847,28006
28007,28038859,28007
28058,28038860,28058
28074,28038872,28074
28092,28038884,28092
28092,28038896,28092
28106,28038902,28106
28115,28038914,28115
28161,28038926,28161
28022,28038951,28022
28006,28039013,28006
28013,28039037,28013
28058,28039074,28058
28065,28039086,28065
28079,28039116,28079
28080,28039128,28080
28092,28039131,28092
28092,28039153,28092
28134,28039165,28134
28148,28039177,28148
28115,28039244,28115
28058,28039323,28058
28047,28039335,28047
28115,28039347,28115
28045,28039359,28045
28079,28039360,28079
28079,28039372,28079
28903,28039384,28903
28065,28039396,28065
28092,28039441,28092
28007,28039700,28007
28007,28039712,28007
28058,28039761,28058
28058,28039773,28058
28058,28039785,28058
28058,28039797,28058
28058,28039803,28058
28065,28039815,28065
28065,28039827,28065
28074,28039839,28074
28079,28039840,28079
28074,28039864,28074
28079,28039876,28079
28079,28039888,28079
28079,28039891,28079
28079,28039906,28079
28079,28039918,28079
28079,28039921,28079
28079,28039931,28079
28080,28039943,28080
28092,28039967,28092
28092,28039980,28092
28092,28039992,28092
28092,28040003,28092
28123,28040015,28123
28148,28040027,28148
28079,28040106,28079
28080,28040246,28080
28009,28040283,28009
28079,28040301,28079
28115,28040313,28115
28127,28040325,28127
28152,28040337,28152
28006,28040660,28006
28065,28040696,28065
28065,28040702,28065
28074,28040738,28074
28079,28040741,28079
28079,28040751,28079
28115,28040775,28115
28127,28040787,28127
28134,28040799,28134
28058,28040830,28058
28058,28040842,28058
28080,28040866,28080
28106,28040878,28106
28134,28040881,28134
28148,28040891,28148
28045,28040994,28045
28005,28041081,28005
28006,28041147,28006
28014,28041159,28014
28047,28041160,28047
28079,28041172,28079
28092,28041241,28092
28006,28041354,28006
28007,28041366,28007
28022,28041378,28022
28049,28041391,28049
28065,28041411,28065
28079,28041433,28079
28106,28041482,28106
28123,28041494,28123
28148,28041500,28148
28079,28041524,28079
28047,28041597,28047
28058,28041603,28058
28065,28041615,28065
28074,28041627,28074
28127,28041639,28127
28022,28041640,28022
28049,28041652,28049
28113,28041664,28113
28132,28041688,28132
28148,28041706,28148
28058,28041721,28058
28047,28041731,28047
28049,28041743,28049
28079,28041755,28079
28079,28041767,28079
28123,28041792,28123
28148,28041809,28148
28047,28042012,28047
28074,28042024,28074
28074,28042036,28074
28058,28042048,28058
28058,28042051,28058
28065,28042061,28065
28080,28042073,28080
28092,28042085,28092
28092,28042097,28092
28903,28042103,28903
28007,28042115,28007
28047,28042152,28047
28049,28042164,28049
28058,28042191,28058
28161,28042243,28161
28079,28042361,28079
28079,28042449,28079
28049,28042607,28049
28065,28042632,28065
28079,28042644,28079
28079,28042656,28079
28092,28042668,28092
28092,28042671,28092
28148,28042681,28148
28005,28042711,28005
28079,28042723,28079
28080,28042735,28080
28092,28042747,28092
28106,28042759,28106
28134,28042760,28134
28079,28042796,28079
28127,28042814,28127
28903,28042826,28903
28123,28042851,28123
28014,28042875,28014
28131,28042887,28131
28079,28042929,28079
28079,28042930,28079
28079,28042942,28079
28079,28042954,28079
28014,28042978,28014
28045,28042981,28045
28058,28042991,28058
28113,28043016,28113
28134,28043028,28134
28106,28043031,28106
28079,28043235,28079
28079,28043259,28079
28079,28043260,28079
28079,28043272,28079
28013,28043284,28013
28047,28043296,28047
28065,28043302,28065
28161,28043314,28161
28903,28043387,28903
28123,28043399,28123
28079,28043405,28079
28079,28043417,28079
28079,28043429,28079
28079,28043430,28079
28079,28043454,28079
28079,28043466,28079
28079,28043481,28079
28079,28043491,28079
28079,28043508,28079
28079,28043511,28079
28079,28043533,28079
28079,28043545,28079
28079,28043557,28079
28079,28043569,28079
28079,28043570,28079
28079,28043582,28079
28079,28043594,28079
28079,28043600,28079
28079,28043612,28079
28079,28043624,28079
28079,28043636,28079
28079,28043651,28079
28079,28043661,28079
28079,28043673,28079
28079,28043703,28079
28079,28043715,28079
28079,28043727,28079
28079,28043739,28079
28079,28043740,28079
28020,28043764,28020
28058,28043776,28058
28079,28043788,28079
28079,28043791,28079
28079,28043806,28079
28065,28043821,28065
28074,28043831,28074
28074,28043843,28074
28074,28043855,28074
28074,28043867,28074
28080,28043879,28080
28092,28043909,28092
28092,28043910,28092
28092,28043922,28092
28092,28043934,28092
28092,28043946,28092
28106,28043961,28106
28113,28043971,28113
28134,28044033,28134
28134,28044045,28134
28148,28044082,28148
28148,28044094,28148
28161,28044100,28161
28005,28044124,28005
28005,28044136,28005
28007,28044151,28007
28007,28044161,28007
28013,28044173,28013
28014,28044185,28014
28049,28044197,28049
28049,28044203,28049
28049,28044215,28049
28058,28044227,28058
28045,28044239,28045
28903,28044240,28903
28903,28044252,28903
28903,28044264,28903
28065,28044288,28065
28065,28044291,28065
28127,28044306,28127
28049,28044318,28049
28106,28044321,28106
28058,28044343,28058
28079,28044355,28079
28079,28044380,28079
28079,28044392,28079
28079,28044409,28079
28079,28044434,28079
28106,28047010,28106
28106,28044458,28106
28005,28044495,28005
28079,28044501,28079
28079,28044513,28079
28079,28044525,28079
28079,28044537,28079
28104,28044549,28104
28154,28044562,28154
28180,28044574,28180
28133,28044628,28133
28903,28044641,28903
28047,28044653,28047
28092,28044719,28092
28106,28044720,28106
28123,28044756,28123
28079,28044859,28079
28079,28044860,28079
28151,28044896,28151
28079,28044902,28079
28079,28044926,28079
28079,28044938,28079
28079,28044941,28079
28049,28045037,28049
28047,28045050,28047
28123,28045062,28123
28903,28045074,28903
28079,28045086,28079
28079,28045098,28079
28079,28045104,28079
28058,28045128,28058
28058,28045131,28058
28074,28045153,28074
28047,28045177,28047
28079,28045268,28079
28079,28045271,28079
28047,28045281,28047
28079,28045293,28079
28106,28045301,28106
28079,28045311,28079
28079,28045323,28079
28079,28045347,28079
28148,28045359,28148
28007,28045360,28007
28013,28045372,28013
28074,28045396,28074
28096,28045414,28096
28106,28045426,28106
28161,28045438,28161
28073,28045441,28073
28086,28045463,28086
28079,28045608,28079
28127,28045621,28127
28079,28045633,28079
28079,28045657,28079
28132,28045669,28132
28161,28045815,28161
28079,28045840,28079
28079,28046121,28079
28079,28046212,28079
28065,28046261,28065
28079,28046376,28079
28074,28046391,28074
28079,28046467,28079
28079,28046479,28079
28123,28046522,28123
28027,28046571,28027
28046,28046583,28046
28061,28046625,28061
28066,28046637,28066
28079,28046650,28079
28079,28046662,28079
28079,28046674,28079
28079,28046704,28079
28106,28046716,28106
28123,28046731,28123
28130,28046741,28130
28133,28046765,28133
28134,28046777,28134
28903,28046807,28903
28180,28046819,28180
28148,28046935,28148
28065,28046947,28065
28127,28046959,28127
28005,28046960,28005
28006,28046972,28006
28006,28046984,28006
28903,28046996,28903
28092,28047009,28092
28058,28047022,28058
28074,28047150,28074
28074,28047162,28074
28074,28047401,28074
28079,28047411,28079
28123,28047423,28123
28123,28047435,28123
28058,28047447,28058
28007,28047460,28007
28079,28047472,28079
28079,28047484,28079
28022,28047496,28022
28045,28047502,28045
28047,28047514,28047
28005,28047526,28005
28074,28047538,28074
28079,28047551,28079
28079,28047563,28079
28065,28047575,28065
28079,28047599,28079
28092,28047617,28092
28058,28047629,28058
28079,28047630,28079
28123,28047642,28123
28079,28047654,28079
28049,28047666,28049
28079,28047678,28079
28079,28047691,28079
28106,28047708,28106
28079,28047711,28079
28005,28047733,28005
28005,28047745,28005
28079,28047861,28079
28041,28047885,28041
28079,28047897,28079
28079,28047903,28079
28079,28047915,28079
28079,28048208,28079
28079,28048282,28079
28079,28048294,28079
28106,28048403,28106
28127,28048476,28127
28110,28048491,28110
28131,28048506,28131
28146,28048518,28146
28165,28048521,28165
28033,28048531,28033
28144,28048543,28144
28181,28048555,28181
28134,28048579,28134
28058,28048580,28058
28113,28048592,28113
28074,28048609,28074
28014,28048610,28014
28079,28048622,28079
28007,28048634,28007
28079,28048661,28079
28074,28048695,28074
28115,28048981,28115
28006,28049021,28006
28005,28049055,28005
28106,28049079,28106
28074,28049080,28074
28079,28049146,28079
28065,28049158,28065
28079,28049183,28079
28065,28049195,28065
28079,28049365,28079
28079,28049377,28079
28058,28049389,28058
28058,28049390,28058
28058,28049407,28058
28092,28049419,28092
28092,28049420,28092
28092,28049432,28092
28092,28049444,28092
28092,28049456,28092
28092,28049468,28092
28123,28049481,28123
28079,28049961,28079
28010,28049985,28010
28019,28049997,28019
28035,28050008,28035
28038,28050011,28038
28051,28050021,28051
28040,28050033,28040
28004,28050045,28004
28060,28050057,28060
28083,28050069,28083
28091,28050070,28091
28100,28050082,28100
28102,28050094,28102
28149,28050100,28149
28151,28050112,28151
28153,28050124,28153
28154,28050136,28154
28167,28050148,28167
28171,28050151,28171
28176,28050161,28176
28079,28050343,28079
28079,28050355,28079
28903,28050367,28903
28005,28050380,28005
28148,28050392,28148
28113,28050422,28113
28127,28050446,28127
28022,28050458,28022
28092,28050549,28092
28123,28050628,28123
28092,28050720,28092
28123,28050732,28123
28079,28056023,28079
28079,28056035,28079
28079,28056047,28079
28079,28056059,28079
28074,28056060,28074
28092,28056072,28092
28106,28056084,28106
28005,28056096,28005
28065,28056102,28065
28079,28056114,28079
28161,28056126,28161
28005,28056400,28005
28005,28056412,28005
28161,28056424,28161
28096,28056436,28096
28144,28056448,28144
28013,28056451,28013
28015,28056527,28015
28036,28056539,28036
28043,28056540,28043
28045,28056552,28045
28023,28056564,28023
28068,28056588,28068
28073,28056591,28073
28075,28056606,28075
28082,28056618,28082
28125,28056621,28125
28155,28056631,28155
28161,28056643,28161
28172,28056655,28172
28079,28021331,28079
28079,28056783,28079
28005,28056801,28005
28079,28057015,28079
28045,28057027,28045
28065,28057039,28065
28106,28057180,28106
28022,28057192,28022
28079,28057246,28079
28106,28057258,28106
28074,28057261,28074
28079,28057271,28079
28127,28057362,28127
28022,28057428,28022
28079,28057431,28079
28080,28057441,28080
28161,28057453,28161
28113,28057465,28113
28058,28057489,28058
28106,28057507,28106
28106,28057519,28106
28007,28057520,28007
28007,28057568,28007
28123,28057660,28123
28080,28057672,28080
28115,28057684,28115
28079,28057696,28079
28079,28057805,28079
28177,28057854,28177
28079,28057866,28079
28007,28057957,28007
28065,28057969,28065
28092,28057970,28092
28074,28057982,28074
28079,28057994,28079
28079,28058007,28079
28079,28058019,28079
28079,28058032,28079
28044,28058044,28044
28067,28058056,28067
28089,28058068,28089
28108,28058071,28108
28058,28058159,28058
28058,28058160,28058
28074,28058172,28074
28161,28058184,28161
28047,28058202,28047
28026,28058411,28026
28053,28058421,28053
28084,28058433,28084
28096,28058445,28096
28119,28058457,28119
28129,28058469,28129
28141,28058470,28141
28150,28058482,28150
28065,28058561,28065
28127,28058585,28127
28079,28058603,28079
28014,28058627,28014
28134,28058639,28134
28022,28058640,28022
28080,28058652,28080
28058,28058664,28058
28113,28058731,28113
28123,28058822,28123
28065,28058937,28065
28079,28059280,28079
28079,28059292,28079
28115,28059309,28115
28123,28059310,28123
28079,28059361,28079
28176,28059371,28176
28061,28059383,28061
28152,28059395,28152
28027,28059401,28027
28065,28059449,28065
28030,28059929,28030
28104,28059930,28104
28160,28059942,28160
28054,28059954,28054
28148,28060208,28148
28079,28060211,28079
28079,28060221,28079
28045,28060658,28045
28006,28060233,28006
28092,28060257,28092
28058,28060270,28058
28161,28060282,28161
28005,28060300,28005
28123,28060312,28123
28022,28060324,28022
28047,28060336,28047
28127,28060348,28127
28007,28060622,28007
28013,28060634,28013
28022,28060646,28022
28134,28060968,28134
28046,28060971,28046
28123,28061663,28123
28005,28061675,28005
28074,28061687,28074
28079,28061699,28079
28079,28061705,28079
28013,28062011,28013
28161,28062023,28161
28058,28062102,28058
28079,28062126,28079
28079,28062151,28079
28052,28062163,28052
28058,28064721,28058
28123,28062321,28123
28903,28062369,28903
28079,28062631,28079
28079,28062643,28079
28079,28063003,28079
28079,28063015,28079
28079,28063064,28079
28079,28063076,28079
28079,28063751,28079
28079,28063763,28079
28079,28063775,28079
28079,28063787,28079
28079,28063799,28079
28079,28063805,28079
28074,28063842,28074
28007,28063854,28007
28065,28063866,28065
28106,28063881,28106
28113,28063891,28113
28161,28063908,28161
28123,28063945,28123
28022,28063970,28022
28127,28063982,28127
28123,28064007,28123
28113,28064093,28113
28161,28064111,28161
28065,28064123,28065
28115,28064160,28115
28005,28064287,28005
28006,28064305,28006
28134,28064317,28134
28134,28064421,28134
28008,28064494,28008
28086,28064603,28086
28065,28065292,28065
28065,28065309,28065
28115,28065310,28115
28115,28065322,28115
28092,28065358,28092
28079,28065361,28079
28013,28065516,28013
28058,28065528,28058
28106,28065531,28106
28161,28065541,28161
28006,28065671,28006
28140,28065693,28140
28179,28065701,28179
28079,28065711,28079
28079,28065723,28079
28007,28065978,28007
28079,28065991,28079
28079,28066004,28079
28113,28066028,28113
28079,28066065,28079
28079,28066090,28079
28005,28066107,28005
28127,28066119,28127
28127,28066193,28127
28079,28066247,28079
28014,28066259,28014
28079,28066302,28079
28058,28066375,28058
28085,28067148,28085
28007,28067151,28007
28145,28067173,28145
28079,28067197,28079
28079,28067203,28079
28007,28067549,28007
28065,28067574,28065
28106,28067586,28106
28113,28067628,28113
28079,28067653,28079
28079,28067665,28079
28079,28067677,28079
28079,28067689,28079
28058,28067771,28058
28005,28067860,28005
28007,28067872,28007
28079,28067884,28079
28079,28067896,28079
28127,28068037,28127
28079,28068050,28079
28058,28068062,28058
28161,28068074,28161
28049,28068098,28049
28080,28068104,28080
28006,28068116,28006
28133,28068207,28133
28045,28068232,28045
28079,28068271,28079
28079,28068281,28079
28079,28068293,28079
28079,28068301,28079
28079,28068311,28079
28106,28068323,28106
28106,28068335,28106
28106,28068347,28106
28148,28068360,28148
28056,28068724,28056
28079,28068736,28079
28172,28068891,28172
28079,28069169,28079
28113,28069170,28113
28058,28069182,28058
28123,28069194,28123
28074,28069212,28074
28065,28069340,28065
28092,28069431,28092
28079,28069561,28079
28090,28069571,28090
28032,28069595,28032
28058,28069704,28058
28080,28069716,28080
28058,28069728,28058
28014,28069741,28014
28058,28069753,28058
28079,28069820,28079
28058,28069844,28058
28151,28069871,28151
28007,28070196,28007
28007,28070202,28007
28007,28070214,28007
28065,28070238,28065
28074,28070241,28074
28080,28070251,28080
28123,28070263,28123
28079,28070354,28079
28007,28070366,28007
28079,28070640,28079
28079,28070652,28079
28079,28070664,28079
28013,28070691,28013
28007,28070706,28007
28005,28070718,28005
28148,28070721,28148
28058,28070731,28058
28079,28070913,28079
28148,28070925,28148
28058,28070937,28058
28058,28070962,28058
28106,28070974,28106
28106,28070986,28106
28079,28070998,28079
28079,28071000,28079
28134,28071024,28134
28087,28071103,28087
28031,28071115,28031
28057,28071127,28057
28079,28071139,28079
28079,28071140,28079
28079,28071361,28079
28079,28071371,28079
28079,28071383,28079
28127,28071565,28127
28007,28071802,28007
28134,28071814,28134
28079,28071826,28079
28079,28071841,28079
28079,28071851,28079
28079,28071863,28079
28079,28071875,28079
28079,28071887,28079
28079,28071899,28079
28079,28071905,28079
28079,28071917,28079
28079,28071929,28079
28079,28071930,28079
28079,28071942,28079
28079,28071954,28079
28079,28071966,28079
28079,28071978,28079
28079,28071981,28079
28079,28072004,28079
28079,28072016,28079
28079,28072028,28079
28079,28072031,28079
28079,28072041,28079
28079,28072053,28079
28079,28072065,28079
28058,28072077,28058
28065,28072107,28065
28074,28072223,28074
28013,28072302,28013
28006,28072341,28006
28058,28072363,28058
28092,28072387,28092
28123,28072417,28123
28047,28072429,28047
28079,28072466,28079
28079,28072478,28079
28079,28072508,28079
28079,28072995,28079
28074,28073008,28074
28092,28073011,28092
28161,28073033,28161
28007,28073124,28007
28092,28073215,28092
28079,28073264,28079
28058,28073288,28058
28079,28073379,28079
28148,28073392,28148
28007,28073586,28007
28072,28073811,28072
28074,28073847,28074
28079,28073859,28079
28058,28073902,28058
28065,28073914,28065
28005,28073926,28005
28049,28073941,28049
28074,28074013,28074
28074,28074025,28074
28007,28074037,28007
28058,28074050,28058
28161,28074062,28161
28079,28074244,28079
28079,28074256,28079
28030,28074566,28030
28079,28074578,28079
28005,28074581,28005
28049,28074591,28049
28049,28074608,28049
28065,28074669,28065
28092,28074670,28092
28074,28074700,28074
28148,28074712,28148
28149,28074724,28149
28058,28074773,28058
28092,28074852,28092
28079,28074918,28079
28040,28075285,28040
28073,28075340,28073
28074,28075492,28074
28127,28075510,28127
28045,28075546,28045
28074,28075753,28074
28079,28075777,28079
28005,28075789,28005
28005,28075820,28005
28074,28075868,28074
28005,28075871,28005
28134,28076290,28134
28065,28076307,28065
28065,28076319,28065
28106,28076320,28106
28079,28076368,28079
28079,28076371,28079
28079,28076599,28079
28047,28077142,28047
28065,28077211,28065
28079,28077245,28079
28079,28077269,28079
28058,28077312,28058
28123,28077348,28123
28903,28077491,28903
28079,28077865,28079
28079,28077877,28079
28079,28077889,28079
28058,28077907,28058
28058,28077971,28058
28022,28078031,28022
28006,28078043,28006
28092,28078158,28092
28065,28078547,28065
28079,28078559,28079
28049,28078560,28049
28065,28078572,28065
28074,28078584,28074
28092,28078596,28092
28058,28078602,28058
28080,28078857,28080
28135,28078870,28135
28079,28078951,28079
28079,28078961,28079
28079,28078973,28079
28079,28078985,28079
28079,28078997,28079
28079,28079001,28079
28079,28079011,28079
28079,28079023,28079
28079,28079102,28079
28079,28079114,28079
28079,28079138,28079
28073,28079175,28073
28079,28600562,28079
28065,28600574,28065
28074,28600586,28074
28079,28600598,28079
28104,28600604,28104
28079,28700982,28079
28005,28701020,28005
28079,28701032,28079
28074,28701056,28074
28079,28701081,28079
28068,28701196,28068
28079,28018371,28079
28079,28005520,28079
28079,28038550,28079
28005,28079394,28005
28007,28079448,28007
28079,28079621,28079
28079,28079436,28079
28079,28079424,28079
28079,28079370,28079
28079,28080037,28079
28079,28079357,28079
28106,28080025,28106
28148,28079400,28148
28079,28079771,28079
28131,28080049,28131
28014,28080104,28014
28079,28080402,28079
28079,28080414,28079
28123,28080475,28123
28055,28080232,28055
28007,28080141,28007
28049,28080396,28049
28079,28080116,28079
28123,28081029,28123
28148,28080487,28148
28005,28081030,28005
28065,28080499,28065
28079,28080748,28079
28161,28081467,28161
28065,28701263,28065
28079,28080967,28079
28079,28081339,28079
28079,28081340,28079
28079,28081583,28079
28079,28082125,28079
28079,28082137,28079
28079,28082150,28079
28079,28082149,28079
28079,28081960,28079
28079,28081613,28079
28079,28701287,28079
28079,28082162,28079
28094,28082174,28094
28079,28082617,28079
28079,28082629,28079
28079,28082691,28079
28148,28082708,28148
28079,28082711,28079
28079,28082757,28079
28079,28701299,28079
28079,28082721,28079
28014,28082630,28014
